team,2026-07-03 03시,2026-07-03 04시,2026-07-03 05시,2026-07-03 07시,2026-07-03 09시,2026-07-03 13시,2026-07-03 17시,2026-07-03 20시,2026-07-03 23시,2026-07-04 01시,2026-07-04 03시,2026-07-04 05시,2026-07-04 07시,2026-07-04 09시,2026-07-04 13시,2026-07-04 17시,2026-07-04 19시,2026-07-04 21시,2026-07-04 23시,2026-07-05 01시,2026-07-05 03시,2026-07-05 05시,2026-07-05 07시,2026-07-05 09시,2026-07-05 14시,2026-07-05 17시,2026-07-05 20시,2026-07-05 23시,2026-07-06 00시,2026-07-06 02시,2026-07-06 04시,2026-07-06 06시,2026-07-06 08시,2026-07-06 13시,2026-07-06 18시,2026-07-06 22시,2026-07-07 02시,2026-07-07 05시,2026-07-07 07시,2026-07-07 09시,2026-07-07 14시,2026-07-07 17시,2026-07-07 21시,2026-07-08 00시,2026-07-08 03시,2026-07-08 05시,2026-07-08 07시,2026-07-08 09시,2026-07-08 13시,2026-07-08 16시,2026-07-08 19시,2026-07-08 21시,2026-07-09 00시,2026-07-09 02시,2026-07-09 04시,2026-07-09 06시,2026-07-09 08시,2026-07-09 13시,2026-07-09 17시,2026-07-09 21시,2026-07-10 01시,2026-07-10 03시,2026-07-10 05시,2026-07-10 07시,2026-07-10 09시,2026-07-10 14시,2026-07-10 17시,2026-07-10 21시
ChatOPT,,,,,52,52,52,52,53,52,52,52,53,51,52,13,13,13,13,13,13,14,14,15,3,2,3,3,3,3,3,2,2,3,2,2,3,3,3,3,3,3,3,3,3,3,3,3,3,3,3,3,3,3,3,3,3,4,4,4,4,4,3,3,2,2,3,1
Hortons,34,34,34,36,36,35,35,35,35,36,36,34,35,33,33,43,45,44,43,43,43,43,43,43,43,45,44,44,45,45,43,44,43,44,43,43,46,53,53,54,55,56,56,57,57,58,57,43,38,38,43,42,43,43,44,44,44,43,34,33,33,5,5,5,4,4,5,2
Optimus Prime,4,4,4,4,4,4,4,4,4,5,5,5,5,5,5,5,5,5,5,5,6,6,6,6,6,6,7,7,7,7,7,6,6,7,5,5,5,5,5,5,5,5,5,5,5,5,6,6,6,6,5,5,5,5,5,5,5,5,7,6,6,6,6,6,5,5,6,3
hee,46,46,46,47,46,60,60,59,59,59,59,59,60,58,59,56,57,59,57,68,68,97,98,106,108,17,17,18,18,18,29,7,7,8,6,6,6,6,6,6,6,6,6,6,6,6,7,7,7,7,6,6,6,6,6,6,6,6,8,7,7,7,7,7,6,6,7,4
manggo,6,6,6,6,6,6,6,6,6,7,7,7,7,7,7,7,7,7,7,7,8,8,8,8,8,8,9,9,9,9,8,8,8,9,7,7,7,7,7,7,7,7,7,7,7,7,19,19,8,8,19,19,19,19,19,19,19,20,17,8,8,8,18,18,19,19,20,5
newsky,,,,,,,,,,,,,,,,,,,,,,,,,,,,,,,,,,,,,,,,,,,,,,,,,63,62,68,68,69,68,68,68,68,68,61,67,68,69,69,48,49,57,49,6
tishii24,8,8,8,8,8,7,8,8,8,8,8,8,8,8,8,8,8,8,8,8,9,9,9,9,9,9,10,10,10,10,9,9,9,10,8,8,8,8,8,8,8,8,8,8,8,8,8,8,9,9,7,7,7,7,7,7,7,7,9,9,9,9,8,8,7,7,8,7
古法编程,9,9,9,9,9,8,19,19,19,19,19,19,18,18,9,9,9,9,9,9,18,19,19,19,19,19,19,20,20,20,19,20,19,19,19,19,20,19,19,19,20,19,20,21,20,20,20,20,22,22,8,8,8,8,8,8,8,8,69,68,69,70,9,9,8,8,9,8
나무늘보,10,10,10,10,10,9,9,9,9,9,9,9,9,9,10,10,10,10,10,10,10,10,10,10,10,10,11,11,11,11,10,10,10,11,9,9,9,9,9,9,9,9,9,9,9,9,9,9,10,10,9,9,9,9,9,9,9,9,10,10,10,10,10,10,9,9,10,9
인간계최강자,50,50,50,51,50,48,48,48,48,48,48,48,49,49,49,50,51,50,59,58,58,58,59,58,58,59,59,59,60,60,58,59,59,60,59,59,61,60,60,60,60,60,61,60,69,69,68,68,71,70,20,20,20,20,20,20,20,40,41,40,40,40,40,40,10,10,11,10
BONOBONO,1,1,1,1,1,1,1,1,1,1,1,1,1,1,1,1,1,1,1,1,1,1,1,1,1,1,1,1,1,1,1,1,1,1,1,1,1,1,1,1,1,1,1,1,1,1,1,1,1,1,1,1,1,1,1,1,1,1,1,1,1,1,1,1,1,1,1,11
Baeptima,31,31,31,33,32,31,31,31,31,2,2,2,2,2,2,2,2,2,2,2,2,2,2,2,2,12,2,2,2,2,2,12,12,2,11,11,2,2,2,2,2,2,2,2,2,2,2,2,2,2,2,2,2,2,2,2,2,2,2,2,2,2,2,2,12,12,2,12
COIS,2,2,2,2,2,2,2,2,2,3,3,3,3,3,3,3,3,3,3,3,3,13,13,14,14,14,14,14,14,14,13,14,14,14,14,14,13,12,12,12,13,13,13,13,13,13,13,13,14,14,12,12,12,12,12,12,12,3,3,3,3,3,13,13,14,14,13,13
DataNinja,33,33,33,35,34,33,33,33,33,33,33,32,33,12,12,14,14,14,14,14,14,15,15,16,15,15,15,15,15,15,14,15,15,15,15,15,14,14,14,14,16,16,16,16,16,16,15,15,16,16,14,14,14,14,14,14,14,14,6,5,5,14,4,4,3,3,4,14
ESI,23,23,23,24,35,34,34,34,34,35,35,53,54,52,53,52,52,53,53,52,4,4,4,4,16,4,5,5,5,5,5,4,4,5,3,3,16,15,15,15,17,17,18,18,17,17,16,16,17,17,15,15,15,15,15,15,15,15,13,13,14,15,14,14,15,15,15,15
MSS,24,24,24,25,23,24,36,36,36,37,37,35,75,73,75,75,75,76,75,75,74,74,75,76,77,78,66,66,68,68,65,67,,,76,75,67,25,24,25,74,74,76,76,22,22,22,21,25,77,76,75,74,74,36,36,36,23,25,25,126,128,125,124,125,16,16,16
MondayIsAlmostHere,,,,,124,134,55,54,55,54,55,56,36,35,35,34,26,25,23,23,23,23,23,23,23,24,24,25,25,25,36,24,36,37,24,24,24,36,25,36,36,36,38,24,23,23,23,22,26,25,23,24,24,23,23,23,23,16,14,14,15,16,15,15,16,17,17,17
kgu_mis_21,47,47,47,48,47,45,39,46,46,46,46,46,47,47,60,57,58,29,27,27,27,27,27,39,18,18,18,19,19,19,16,17,17,16,16,17,18,17,17,17,18,28,28,19,18,18,17,17,19,19,17,17,17,17,17,17,17,18,38,37,37,37,16,16,17,26,18,18
m&c_420,5,5,5,5,5,5,5,5,5,6,6,6,6,6,6,6,6,6,6,6,7,7,7,7,7,7,8,8,8,8,17,18,18,17,17,18,19,18,18,18,19,18,19,20,19,19,18,18,20,20,18,18,18,18,18,18,18,19,16,17,17,18,17,17,18,18,19,19
바나나맛우유,30,30,30,31,30,30,30,30,30,30,30,30,20,20,19,19,20,20,19,19,19,40,40,40,40,20,20,21,21,21,20,21,20,20,10,10,10,10,10,10,10,10,10,10,10,10,10,10,11,11,10,10,10,10,10,10,10,10,19,19,19,19,19,19,20,20,21,20
AmazeAmazeAmaze,21,21,21,32,31,61,61,61,61,62,62,,,,,11,11,11,11,11,11,11,11,11,11,11,12,12,12,12,11,11,11,22,21,21,22,21,21,21,11,11,11,11,11,11,11,11,12,12,21,21,21,21,21,21,21,21,21,21,11,11,11,11,11,11,12,21
BlockSmith,,,,,,,,,,,,,,,,,,,,,,,,,,,,,,,192,194,194,195,,141,143,144,142,92,92,91,83,83,82,33,33,33,35,35,32,23,23,22,22,22,22,11,11,11,12,12,21,21,21,21,22,22
BoosilGamja,,,,,,,,,,,,,,,,,,,,,,,,13,13,22,22,22,22,22,21,22,21,13,13,13,12,11,11,11,12,12,12,12,12,12,12,12,13,13,11,11,11,11,11,11,11,12,12,12,13,13,12,12,13,13,23,23
Chao,32,32,32,34,33,32,32,32,32,31,31,42,32,43,44,42,44,43,42,42,41,41,41,41,41,42,53,42,43,43,41,42,41,63,63,63,65,62,61,62,14,14,14,14,14,14,14,14,15,15,13,13,13,13,13,13,13,172,165,164,166,174,174,164,165,172,14,24
GreenWojak,,,,,,,,,,,,,,,,,,,,,,,,,,,,,,,,,,,,,,,,63,73,73,63,56,56,57,56,56,59,58,56,56,55,55,55,33,33,33,23,23,22,22,22,22,22,22,24,25
KS,,,,15,15,14,14,24,24,23,23,24,25,34,34,24,25,24,35,35,34,33,33,33,33,34,35,35,36,36,35,36,35,36,35,35,36,35,36,35,35,35,37,37,36,36,36,37,40,39,36,35,34,36,35,35,35,35,35,34,34,34,34,34,34,23,25,26
abc,18,17,17,17,17,16,16,15,15,15,15,15,30,29,28,28,29,27,25,25,26,26,26,26,26,27,27,28,28,28,25,27,25,27,27,27,27,38,38,38,39,38,25,40,25,25,25,24,18,18,25,26,25,25,25,25,25,17,15,15,16,17,25,25,24,24,27,27
coffee_nap,27,18,18,18,18,17,17,16,16,16,16,16,15,15,29,29,30,28,26,26,39,38,38,38,38,29,29,17,17,17,27,29,27,29,29,16,17,16,16,16,26,27,27,27,26,26,26,25,29,28,26,27,26,26,26,26,26,25,28,16,27,26,26,26,25,25,28,28
room204,39,39,39,41,40,39,40,40,39,39,39,39,40,38,39,38,39,30,28,28,28,28,28,28,28,40,40,49,50,50,48,49,58,48,39,39,30,39,39,39,28,39,40,29,28,28,28,28,21,21,29,29,28,28,28,28,28,28,18,18,18,29,29,29,28,28,30,29
야호,,,,,192,195,200,197,118,119,119,120,119,118,109,109,110,111,110,107,107,107,108,108,91,91,91,90,92,92,99,100,99,99,98,100,102,69,69,80,69,69,70,70,68,68,67,67,70,69,69,69,29,29,29,29,29,29,31,30,30,30,30,30,29,29,31,30
BayOpt,12,12,12,12,12,11,11,11,11,11,11,11,11,11,11,12,12,12,12,12,12,12,12,12,12,13,13,13,13,13,12,13,13,12,12,12,11,22,22,22,21,21,21,22,31,31,31,31,23,23,22,22,22,31,31,31,31,22,22,22,21,21,31,31,31,31,32,31
Black Cow v5.0,,,,,161,171,171,175,173,173,174,173,173,173,183,183,185,185,185,183,183,182,184,183,183,182,183,184,184,184,182,183,193,42,41,41,43,41,32,32,32,32,33,33,32,32,32,32,24,34,31,31,31,32,32,32,32,42,43,42,42,41,42,42,42,32,33,32
ILoveProblems,15,15,15,14,14,13,13,13,13,13,13,13,13,24,24,23,24,23,22,22,22,22,22,22,22,23,23,24,24,24,22,23,22,24,23,23,23,24,23,24,23,23,22,23,35,35,35,36,39,24,35,34,33,35,34,34,34,34,24,24,23,33,33,33,33,33,34,33
OPTWIN,16,16,16,16,16,15,15,14,14,14,14,14,14,14,14,25,16,16,16,16,24,24,24,24,24,25,25,26,26,26,23,25,23,25,25,25,25,26,26,26,37,24,23,38,37,37,37,38,41,40,37,36,35,37,37,37,37,36,36,35,35,35,35,35,35,34,35,34
ORDS,,,,,,,,,,,,,,,,,,,,,,,,,,,,,,,,,,,,,,,,,,,,,38,38,38,39,42,41,38,37,36,38,38,38,38,37,37,36,36,36,36,36,36,35,36,35
SUNPACE,,,,,119,118,117,118,114,115,116,117,117,117,119,118,119,119,127,125,126,126,126,126,127,127,127,127,128,128,128,130,129,130,137,137,139,141,140,148,148,146,146,148,147,147,147,96,99,99,98,97,77,78,76,76,76,88,79,89,24,23,23,23,23,36,26,36
The Green Nuggets,56,57,57,58,57,58,58,57,68,69,69,68,69,68,15,26,27,26,24,24,25,25,25,25,25,26,26,27,27,27,24,26,24,26,26,26,26,27,27,27,24,25,24,25,24,24,24,23,27,26,24,25,37,24,24,24,24,24,26,26,25,24,24,24,37,37,37,37
alvarOpt,45,44,44,45,45,44,45,45,45,57,57,58,46,57,70,68,69,70,70,67,67,68,69,68,69,28,28,29,29,29,26,28,26,28,28,28,28,28,28,28,25,26,26,26,39,39,39,40,28,27,39,38,38,39,39,39,39,38,27,27,26,25,37,37,38,38,38,38
phoenix,7,7,7,7,7,19,7,7,7,18,18,18,17,17,17,17,18,18,18,18,17,18,18,18,39,39,39,40,42,42,18,19,29,18,18,29,29,29,29,29,27,29,29,28,27,27,27,27,31,30,28,28,27,27,27,27,27,27,30,29,29,28,28,28,27,27,29,39
무근본바이브코더,40,40,40,21,20,20,20,20,20,20,20,20,19,19,18,18,19,19,30,30,30,30,30,30,30,31,31,31,32,32,30,31,30,31,30,30,31,30,30,30,29,30,30,30,29,29,29,29,32,31,40,40,40,40,40,40,40,39,40,39,39,39,39,39,40,40,41,40
Agent H,11,11,11,11,11,21,21,21,21,21,21,21,21,21,21,21,22,22,21,21,21,21,21,21,21,32,32,32,33,33,31,32,31,32,31,31,32,31,31,31,31,31,32,32,41,41,41,41,34,33,41,41,41,41,41,41,41,41,42,41,41,31,41,41,41,41,42,41
DARIAN,13,13,13,22,21,22,22,22,22,22,22,22,22,22,22,31,32,32,31,31,31,3,3,3,4,3,4,4,4,4,4,3,3,4,82,83,85,13,13,13,15,15,15,15,15,15,4,4,4,4,4,4,4,4,4,4,4,13,5,43,43,42,43,43,43,42,43,42
DH99,22,22,22,23,22,23,23,23,23,32,32,31,23,31,31,32,33,33,32,32,32,31,31,31,31,43,42,33,34,34,32,33,32,33,32,32,33,32,33,33,33,33,34,34,33,42,42,34,36,36,33,32,42,33,42,42,42,31,32,31,31,32,32,32,32,43,44,43
Efficiency,,,,,81,82,83,83,83,92,93,23,24,23,23,22,23,35,34,34,33,32,32,32,32,33,33,23,23,23,33,34,33,34,33,33,34,33,34,34,34,34,35,35,34,34,34,35,37,37,34,33,32,34,33,43,43,32,33,32,32,,,,,44,45,44
Emart 거창소만점,,,,,114,122,114,115,125,123,53,54,55,53,54,53,53,54,54,53,53,53,64,63,63,76,76,75,66,66,74,65,74,74,73,72,74,74,75,74,83,84,84,84,83,83,82,83,84,85,84,103,103,103,103,102,103,103,85,93,92,92,92,92,93,94,94,45
IDBLAB,35,35,35,37,43,43,43,44,43,43,43,44,44,44,45,44,46,45,44,44,44,44,54,54,53,54,34,34,35,35,34,35,34,35,34,34,35,34,35,42,41,41,36,36,42,43,43,44,45,44,44,43,44,44,45,45,45,44,45,44,44,43,44,44,44,45,46,46
SOLSOL,26,26,26,27,25,26,25,26,26,25,25,26,27,26,36,36,36,37,37,37,36,35,35,35,35,36,46,37,38,38,45,38,45,38,36,37,38,45,45,45,45,45,46,47,46,47,47,48,49,47,47,46,57,57,57,57,57,46,48,46,46,46,46,46,46,46,47,47
TheFactoryMustGrow,38,38,38,40,39,38,38,39,38,45,45,37,38,36,37,47,49,38,48,48,48,48,47,46,46,47,47,47,49,49,46,47,46,70,69,69,71,66,66,77,78,78,66,66,81,81,80,79,82,81,65,65,66,65,77,77,65,76,67,76,47,48,48,47,48,47,48,48
tsukammo,20,20,20,20,28,29,28,18,18,29,29,29,31,30,30,30,31,31,29,29,29,29,29,29,29,41,41,41,31,31,40,41,40,41,40,40,41,40,40,40,40,40,41,41,48,49,49,50,43,42,50,49,49,49,49,49,49,48,39,38,38,38,38,38,39,48,40,49
wondu,,,,,,,,,,,,,,,,,,,,,,,,88,89,89,97,98,99,99,96,97,97,97,88,90,92,99,98,98,98,98,99,99,98,99,99,98,102,102,59,58,58,58,58,58,58,49,50,49,49,50,49,49,50,49,50,50
ESC날벌레들,,,,,171,172,172,176,182,182,184,184,183,182,184,184,186,186,186,185,193,184,185,184,193,193,185,185,185,186,15,16,16,23,22,22,15,23,73,81,81,82,17,17,21,21,21,42,44,43,42,55,54,42,43,55,55,55,44,54,53,55,54,53,53,51,53,51
Lars,,,,,176,176,185,180,185,186,187,187,186,186,187,195,197,199,199,198,196,194,198,196,196,196,196,197,197,197,,196,,197,93,104,96,104,104,103,42,42,43,43,43,44,44,45,46,45,45,44,45,45,46,46,46,56,46,55,54,44,55,54,54,52,54,52
NCIA,25,25,25,26,24,25,24,25,25,24,24,25,26,25,25,35,35,36,36,36,35,34,34,34,34,35,36,36,37,37,37,37,37,45,44,36,37,43,43,43,43,43,44,44,44,45,45,46,47,46,46,45,46,46,47,47,47,45,47,45,45,45,45,45,45,53,55,53
OPTLSL,36,36,36,38,37,36,44,37,44,44,44,45,45,45,46,45,47,46,45,45,45,45,44,56,55,56,56,56,56,56,55,56,54,55,54,54,47,44,44,44,44,44,45,45,45,46,46,47,48,59,57,57,56,56,56,56,56,57,58,56,55,56,56,55,55,54,56,54
Shadow,37,37,37,39,38,37,37,38,37,38,38,36,37,46,47,46,48,47,47,47,47,47,46,45,45,57,57,46,48,48,56,46,55,56,55,55,57,56,56,57,57,58,59,58,63,64,62,62,67,65,88,87,88,87,88,88,88,47,49,47,57,47,47,56,47,55,57,55
XYDT,,,,,78,87,88,89,27,26,26,27,28,27,26,37,37,39,38,38,37,36,36,36,36,37,37,38,39,39,38,39,38,39,37,45,49,58,58,59,59,59,60,59,64,60,63,63,61,66,66,66,67,66,65,65,77,77,80,48,48,49,57,57,57,56,58,56
dodos,19,19,19,19,19,18,18,17,17,17,17,17,16,16,16,16,17,17,17,17,16,17,17,27,27,30,30,30,30,30,28,30,28,30,46,46,40,46,46,46,46,46,47,48,40,40,40,26,30,29,27,39,39,48,48,48,48,26,29,28,28,27,27,27,26,39,39,57
yc,,,,,79,78,78,78,77,88,,,,,,,,,,69,69,69,70,69,70,70,70,81,81,81,79,80,79,71,70,70,72,68,68,69,68,68,69,69,67,67,66,66,51,50,51,50,50,50,50,50,50,50,51,50,50,51,50,50,51,50,51,58
밴딧단,,,,,191,194,199,196,,,,,,,,,,,,,,,,,,,,,,,,,,,159,167,170,171,169,169,169,177,178,128,128,128,128,127,130,121,120,118,118,119,69,69,69,69,70,69,70,59,59,59,59,59,60,59
최대난제,,,,,69,69,69,69,80,79,79,79,81,40,41,40,41,51,51,50,50,50,50,50,50,51,51,51,52,52,50,51,49,50,49,49,51,49,49,49,49,49,50,51,50,51,50,60,53,52,61,60,60,60,60,60,60,60,52,59,59,60,60,60,60,60,61,60
BlackBox,42,,,,71,71,71,42,52,51,51,51,52,42,43,51,43,52,52,51,52,52,52,52,73,73,73,53,54,54,52,53,52,,,,44,42,41,41,51,52,53,53,52,53,52,52,55,54,52,51,51,51,51,51,51,51,53,51,51,52,51,51,63,62,63,61
Bongoose Brothers,,,,,61,72,72,71,71,81,81,81,82,81,72,71,72,73,72,71,71,71,72,71,74,74,74,73,74,74,72,73,72,73,71,81,83,81,81,51,52,53,54,54,53,54,53,53,56,55,53,52,52,52,52,52,52,52,54,52,52,53,52,52,52,63,52,62
Disruptors,,,,,,114,113,114,124,34,34,33,34,32,32,33,34,34,33,33,42,42,42,42,42,44,43,43,44,44,42,43,42,43,42,42,45,52,42,53,54,55,42,42,55,56,55,55,58,57,55,54,53,54,54,54,54,54,56,53,63,54,53,63,65,64,65,63
MSGA,44,43,43,44,44,54,54,53,54,53,54,55,56,55,56,55,55,57,56,55,55,55,55,55,54,55,55,55,46,46,54,55,53,54,53,53,56,54,54,55,64,64,57,64,58,63,58,57,60,64,64,63,64,63,63,63,63,64,57,63,64,65,64,65,67,65,66,64
OGiC,3,3,3,3,3,3,3,3,3,4,4,4,4,4,4,4,4,4,4,4,5,5,5,5,5,5,6,6,6,6,6,5,5,6,4,4,4,4,4,4,4,4,4,4,4,4,5,5,5,5,16,16,16,16,16,16,16,65,66,64,65,66,65,66,68,66,67,65
Optimizer,,,,,,,,,,,,,,,,166,169,169,169,166,166,165,167,168,167,167,168,169,169,126,135,126,135,135,134,145,147,148,146,145,144,86,87,87,86,85,84,85,87,60,58,64,65,64,64,64,64,66,59,65,66,67,66,67,69,67,68,66
PACK TO THE FUTURE,,,,,66,66,65,65,65,66,67,66,66,66,67,65,67,67,46,46,46,46,45,44,44,46,45,45,47,47,44,45,44,46,45,44,48,55,55,56,56,57,58,46,59,59,156,156,160,167,116,115,115,107,107,106,106,106,107,57,56,57,67,68,56,68,69,67
YDG,17,27,27,28,26,27,26,27,28,27,27,28,29,28,27,27,28,40,39,39,38,37,37,37,37,38,38,39,40,40,39,40,39,40,38,38,39,37,37,37,38,37,39,39,47,48,48,49,50,49,49,48,48,47,66,66,66,58,60,66,67,68,68,69,70,69,70,68
건영식,29,29,29,30,29,40,29,29,40,40,40,40,41,39,40,39,40,41,50,49,49,49,49,49,49,50,50,50,51,51,49,50,48,49,48,48,42,48,48,48,48,48,49,50,49,50,60,59,52,51,60,59,59,59,59,59,59,59,62,58,58,58,58,58,58,58,59,69
흐름이야,,,,,,,,,,,,,,,,,,,,,,,,,,,,,,,,,,,,,,,,,,,,,,,141,150,144,152,151,151,150,151,152,150,151,150,143,60,60,61,70,70,61,70,71,70
312,41,41,41,42,41,41,41,41,41,41,41,41,42,41,42,41,42,42,41,41,51,51,51,51,51,52,52,52,53,53,51,52,51,52,51,51,53,61,51,61,61,61,62,62,61,62,61,61,64,63,62,61,61,61,61,61,61,61,63,71,71,72,71,71,72,71,72,71
BMART,,,,,184,187,181,189,163,171,164,164,172,171,163,162,164,164,164,173,162,161,162,164,172,172,173,164,164,164,171,174,172,175,101,101,103,112,112,111,111,51,52,52,51,52,51,51,54,53,63,62,62,62,62,62,62,62,64,61,61,62,61,61,62,61,62,72
Dabad,,,,,,,,,,,,,73,84,84,84,84,85,84,83,84,84,73,72,75,75,75,74,75,75,73,74,73,53,52,52,54,51,52,52,53,54,55,55,54,55,54,54,57,56,54,53,63,53,53,53,53,53,55,62,62,63,62,62,64,72,64,73
Issyk Cool,,52,52,53,63,63,62,62,63,72,72,72,74,72,74,74,74,75,74,74,73,73,74,74,76,77,83,76,77,77,82,83,83,76,83,85,87,84,84,84,86,85,86,86,85,84,94,93,86,95,94,93,93,93,93,93,93,93,87,97,96,64,63,64,66,74,73,74
Lambda,,,,,,,,,,,,,,,,,,,,,,,,,,,,,,,,,,,,,,,,,,,,,,,,,,145,145,145,143,144,145,143,144,63,65,74,74,75,74,74,75,75,74,75
Letthedreamersrise,,,,,,,,,,,,,,,,,,,,,,,,,,,,,,,,,,,,,,,,,,,,,,,,,,,,,,,,,,,,166,167,155,163,165,76,76,75,76
Prismatic Augment,,,,,104,117,125,126,135,135,136,137,135,135,136,135,136,137,136,135,134,133,134,134,135,136,137,138,138,145,144,146,146,136,145,114,129,127,126,125,125,124,125,138,136,86,85,86,88,87,86,85,86,85,86,86,86,86,88,87,87,88,86,86,87,86,88,77
khutimizer,,,,,,,,,,,,,,,,,,,,,,,,,,,,,,,,,,,,,167,168,164,164,164,,,,,,,,,,,,,,,,,,,77,76,77,76,76,78,77,76,78
kyisaiah47,48,48,48,49,48,46,46,47,47,47,47,47,48,48,48,49,50,49,49,56,56,56,58,57,57,58,58,57,58,58,57,57,57,58,57,57,59,59,59,67,66,66,67,67,65,65,64,64,68,67,67,67,68,67,67,67,67,67,68,78,77,78,77,77,79,78,77,79
힘내자,60,60,60,,70,70,70,70,70,80,80,80,71,80,81,81,71,72,81,80,80,80,101,100,101,101,101,91,82,82,90,91,81,91,90,80,82,90,90,90,90,90,91,91,101,101,101,100,93,92,91,100,100,100,100,100,100,100,102,111,101,101,100,100,101,80,81,80
AC,51,51,51,52,51,51,51,51,51,61,61,61,62,61,62,61,62,63,62,61,61,61,62,61,61,62,62,62,63,63,61,62,61,62,61,61,63,71,71,71,71,71,72,72,72,72,71,81,74,83,82,81,81,81,81,81,81,81,83,81,81,82,81,81,82,91,82,81
Anh's Left Arm,,,,,101,101,102,102,102,111,112,113,113,112,113,113,114,115,114,81,81,81,82,81,72,72,72,72,73,73,71,72,71,72,62,62,64,72,72,72,72,72,73,73,74,74,73,72,76,74,73,72,82,82,82,82,82,82,74,83,83,84,83,83,84,81,83,82
Hamiltonian,43,42,42,43,42,42,42,43,42,42,42,43,43,54,55,54,54,56,55,54,54,54,53,53,52,53,54,54,55,55,53,54,64,65,64,64,55,63,62,64,62,62,64,63,62,75,74,73,65,75,74,73,72,72,72,72,72,72,75,73,73,74,73,73,74,82,84,83
MAPS,52,53,53,54,53,53,53,63,64,65,65,64,65,64,65,63,65,65,65,63,63,63,66,75,65,65,77,77,67,67,76,76,76,77,75,74,76,75,76,65,63,63,75,75,76,76,75,74,78,76,75,74,73,73,73,73,73,73,76,85,85,86,84,84,85,83,85,84
OptiFrame,53,54,54,55,54,55,56,55,56,55,66,65,57,65,66,64,66,66,66,64,64,65,67,65,67,67,68,68,57,57,67,69,67,68,67,67,69,77,77,76,76,76,78,78,78,78,77,76,80,79,78,84,85,76,85,85,85,85,77,86,86,87,85,85,86,84,86,85
PriPhase,54,55,55,56,55,56,57,56,57,56,56,57,58,56,57,66,56,58,67,65,65,66,57,66,56,68,69,69,70,70,68,70,68,69,68,68,70,65,65,66,65,65,65,65,79,79,78,77,66,80,79,77,76,77,75,75,75,75,78,75,75,76,75,75,77,85,87,86
coco,57,45,45,46,58,59,59,58,58,58,58,69,59,69,58,69,80,81,79,79,79,79,80,80,81,81,80,80,80,80,87,79,88,80,79,89,91,88,89,89,89,89,90,90,89,89,88,89,91,90,99,89,97,97,98,98,,,,,89,90,88,88,89,87,90,87
no idea,49,49,49,50,49,47,47,60,60,60,60,60,61,59,61,58,59,60,58,57,57,57,39,48,48,49,49,58,59,59,69,58,69,59,58,58,60,67,67,68,67,67,68,68,66,66,65,65,69,68,80,78,78,79,78,78,78,78,81,79,78,79,78,78,80,88,78,88
天狐紫吹,,,,,68,79,79,79,78,77,89,90,90,89,90,89,90,91,90,90,90,89,89,89,90,90,90,89,91,91,89,90,91,89,89,99,101,79,79,78,79,79,80,80,90,90,89,80,83,82,81,79,79,80,79,79,79,79,82,90,90,80,89,89,90,89,91,89
최적화물주먹,59,59,59,60,60,49,49,49,49,49,49,49,50,60,50,59,60,61,60,59,59,59,60,59,59,60,60,60,61,61,59,60,60,61,60,60,62,70,70,70,70,70,71,71,70,70,69,69,72,71,70,80,80,69,80,80,80,80,71,80,79,81,79,79,81,90,79,90
AC_TUWien,,,,,91,91,101,101,101,101,102,103,112,111,112,112,113,114,113,111,111,111,92,91,92,92,63,63,64,64,62,63,62,82,81,91,93,91,91,91,91,81,82,82,73,73,72,71,75,73,72,71,71,71,71,71,71,71,73,82,82,83,82,82,83,92,92,91
ETA0721,,,,,172,81,82,82,82,91,92,93,86,85,85,85,85,86,85,93,62,62,63,62,62,63,64,64,65,65,63,64,63,64,72,71,73,73,74,73,82,83,74,74,75,82,81,82,77,84,83,82,83,83,83,83,83,83,84,84,84,85,91,91,92,93,93,92
HermioneL,14,14,14,13,13,12,12,12,12,12,12,12,12,13,13,15,15,15,15,15,15,16,16,17,17,16,16,16,16,16,64,66,65,66,65,65,66,64,63,23,22,22,106,106,106,116,115,113,117,117,114,113,113,114,116,114,114,114,118,115,115,116,115,114,115,114,95,93
Logistics,,,,,123,125,124,125,133,134,135,136,134,134,135,134,135,136,135,134,133,132,133,133,134,135,135,136,136,144,143,145,145,146,143,143,127,125,124,123,123,122,136,136,134,134,134,135,138,137,135,125,125,126,126,124,125,125,119,126,97,96,96,96,96,95,96,94
SDOlab,55,56,56,57,56,57,66,66,66,67,68,67,67,67,68,67,68,68,68,66,66,67,68,67,68,69,87,86,88,88,86,87,87,86,86,76,77,78,78,85,77,77,79,79,80,80,79,78,81,88,87,86,87,86,87,87,87,87,89,88,88,89,87,87,88,96,89,95
SIT,,,,,75,76,75,76,86,85,85,86,87,86,69,78,78,69,69,77,77,77,78,78,79,79,78,78,78,78,77,77,77,78,77,77,78,85,85,86,87,87,88,88,87,87,86,87,89,98,97,96,96,96,96,96,96,96,98,99,98,98,97,97,97,105,97,96
Smoop,,,,,67,67,67,67,67,68,76,76,68,77,78,79,79,80,78,78,78,78,79,79,80,80,79,79,79,79,78,78,78,79,78,87,79,86,86,87,88,88,89,89,88,88,87,88,90,89,89,88,89,88,89,89,89,89,90,100,99,99,98,98,98,97,98,97
Trough,,,,,77,86,87,88,88,87,87,88,98,98,98,99,100,120,120,126,118,118,119,127,118,,,,,,,,56,57,56,56,58,57,57,58,58,147,147,139,148,148,137,146,142,48,48,47,47,89,97,97,97,97,91,101,100,100,99,99,99,98,99,98
ptokos,,,,,179,181,187,185,188,190,190,190,190,192,193,198,200,,,,199,198,,200,,,200,,,,,,,,,,,,,,,,,,,,,,,,,,,,,,,,,118,119,119,118,117,100,99,100,99
냠냐옹,58,58,58,59,59,68,68,68,69,70,70,70,70,70,71,70,70,71,71,70,70,70,71,70,71,71,81,70,71,71,80,81,80,81,80,78,80,80,80,79,80,80,81,81,91,91,90,90,92,91,90,90,90,90,90,90,90,90,92,91,91,91,90,90,91,100,101,100
First Penguin,,,,,115,123,143,145,143,153,155,156,155,152,153,154,156,156,156,155,155,154,155,156,156,156,164,156,157,156,163,165,103,94,104,84,86,82,82,82,84,93,85,85,84,94,93,92,95,94,93,92,92,92,92,92,92,92,94,94,93,93,93,93,103,101,102,101
Graveyard,,,,,,,,,,,,,,,,,,,,,,,,,,,,,,,,,,,,,,,,,,103,105,105,105,105,105,104,107,104,104,104,104,105,105,104,104,104,106,96,95,95,95,95,95,102,103,102
Jyang,,,,,,,,,,,,98,95,95,96,96,97,87,86,84,85,85,85,83,84,84,84,83,85,85,83,84,84,83,84,94,88,94,94,94,94,94,93,94,94,95,95,94,96,105,105,105,105,106,106,105,105,105,95,103,103,103,102,102,104,115,104,103
Munshi-PremChand,,,,,64,64,63,74,73,73,73,73,76,74,86,86,87,77,88,86,87,75,76,85,78,85,85,84,86,86,84,85,85,84,94,95,97,105,105,104,103,104,107,107,107,106,106,114,97,96,95,94,94,94,94,94,94,94,96,104,104,97,103,103,105,103,105,104
OPTALL,,,,,65,65,64,75,75,75,75,75,78,76,77,77,77,79,77,87,76,76,77,77,86,86,86,85,87,87,85,86,86,85,85,86,89,95,95,95,95,95,94,95,95,96,96,95,98,97,96,95,95,95,95,95,95,95,97,98,105,104,104,104,106,104,106,105
Team AJ,,,,,,,,,,,,,,,,,,,,,,,,,,,,,,,,,,,,,,,,,,,,,,,,,,,,,,,,,,,,,106,105,105,105,107,106,107,106
Wooo,,,,,198,199,,,,,,,,,,,,,,,,,,,,,,,,,,,,,,88,90,96,88,96,96,96,96,96,96,97,97,106,109,107,106,106,106,109,109,107,108,108,109,106,107,107,107,106,108,107,108,107
kaisaZeri,,,,,148,158,157,159,158,157,77,77,79,78,79,80,81,82,80,88,88,87,81,86,87,87,88,87,89,89,88,88,89,87,87,97,99,97,96,97,97,97,97,97,97,98,98,97,100,100,100,98,98,98,99,99,98,98,99,107,108,108,108,107,109,108,109,108
systempusan,,,,,,,,,,,,,,,,,,,,,,,,,,,,,,,,,,,,,,130,128,141,139,139,140,141,139,139,138,138,101,101,101,99,99,99,110,108,99,99,100,108,109,109,109,108,110,109,110,109
해기들,,,,,130,140,140,142,141,150,152,152,151,160,161,151,143,143,153,151,151,150,151,152,151,151,152,152,153,152,160,152,101,101,100,110,112,100,100,100,100,100,101,101,100,100,100,99,103,112,111,110,110,111,112,110,110,110,101,110,111,112,111,110,111,110,111,110
CAWOO,,,,,,,,,,,,,,,,,,,,,,,,,154,154,155,82,83,83,81,82,82,102,102,82,84,92,92,93,93,92,92,92,92,92,91,101,104,103,102,101,101,101,101,101,101,101,103,102,102,102,101,101,102,111,112,111
CJMCJM,,,,,112,112,122,123,123,122,82,82,83,82,82,82,82,83,82,82,82,82,83,82,82,82,82,92,84,84,91,92,92,92,91,92,94,93,93,101,101,101,102,102,102,102,102,102,105,113,112,111,111,112,113,111,111,111,113,112,112,113,112,111,112,112,113,112
CODeS-KULEUVEN,,,,,72,73,81,81,81,82,83,83,84,91,92,92,93,94,93,91,91,91,93,92,93,93,92,93,93,93,92,93,93,93,92,93,95,101,101,102,102,102,103,103,103,103,103,111,114,114,113,112,112,113,114,112,112,112,114,113,113,114,113,112,113,121,114,113
CSI,,,,,143,153,152,154,153,71,71,71,72,71,73,72,73,74,73,72,92,92,94,93,94,94,93,94,94,94,101,102,102,103,103,102,104,102,102,112,112,111,112,112,112,112,112,121,125,123,122,121,121,122,123,121,121,121,115,122,122,123,122,121,122,122,115,114
Cook,,,,,73,74,73,72,72,83,84,84,85,83,83,83,83,84,83,92,83,83,84,94,83,83,94,95,95,95,93,94,94,176,173,182,183,184,195,195,193,192,104,104,104,104,104,103,106,115,103,102,102,102,102,113,102,102,104,114,114,115,114,113,114,113,116,115
The Reverend,,,,,76,77,76,87,87,86,86,87,88,87,88,98,99,100,99,96,96,96,87,96,96,96,96,97,98,98,94,96,96,96,95,96,98,107,107,106,105,105,108,108,,,,,,,,,,,,,107,107,108,105,118,106,106,115,116,116,117,116
Virtioz,,,,,106,106,107,108,115,116,127,128,127,125,126,137,138,138,138,144,137,136,136,137,128,128,128,128,129,129,146,137,148,149,153,156,158,87,87,88,106,106,95,109,108,107,107,105,108,106,117,116,116,108,108,116,116,116,189,187,,,117,116,117,117,118,117
wardaddys,,,,,,,77,77,76,76,88,89,89,88,89,88,89,90,89,89,89,88,88,87,88,88,89,88,90,90,95,89,90,88,96,98,100,98,97,108,108,108,98,98,110,109,108,107,110,108,107,107,107,110,111,109,109,109,110,119,120,110,110,109,118,118,119,118
보리꼬리,,,,,,,,,,,,,,,,,,,,,,,,,,,,,,,,,,,,,,,,,,,128,129,129,129,129,128,131,130,130,131,130,130,131,129,130,130,130,131,130,131,120,119,120,119,120,119
하루킁킁,,,,,,,,,,,,,,,101,101,102,103,102,100,100,100,100,99,100,100,100,101,102,102,110,111,111,111,110,109,111,111,111,121,120,120,121,121,121,121,111,110,113,111,110,120,120,121,122,120,120,120,112,121,121,122,121,120,121,120,121,120
Global optimum,,,,,82,83,84,84,84,93,94,94,92,92,93,93,94,95,94,94,93,93,95,101,102,102,102,102,103,103,102,103,104,104,105,103,105,103,103,113,113,112,113,113,113,113,113,112,115,116,123,122,122,123,115,122,122,122,116,123,123,124,123,122,123,123,122,121
HITOORI,,,,,83,84,92,92,92,94,95,95,104,103,103,103,104,96,95,101,101,102,103,102,103,103,103,103,104,104,103,104,105,105,111,111,113,113,113,114,114,114,115,115,115,115,114,122,116,124,124,123,123,124,124,123,123,123,117,124,124,125,124,123,124,124,123,122
MO심심풀이,,,,,,,,,,,,,,144,155,156,86,88,87,85,86,86,86,84,85,105,105,105,96,96,105,106,107,107,106,113,115,115,115,116,115,115,116,116,116,125,116,124,127,126,126,126,126,127,127,125,126,126,125,127,125,127,135,135,136,133,124,123
MysteriousOpt,,,,,,,,64,74,74,74,74,77,75,76,76,76,78,76,76,75,64,56,64,66,66,67,67,69,69,66,68,66,67,66,66,68,76,64,75,75,75,77,77,77,77,76,75,79,78,77,76,75,75,74,74,74,74,120,116,116,117,126,125,126,125,125,124
Optmax,,,,,74,75,86,86,85,84,98,85,96,96,87,87,88,89,98,95,95,95,97,95,95,95,95,96,97,97,106,95,95,95,107,105,106,106,106,105,104,116,117,117,117,117,117,115,118,118,115,114,114,115,117,115,115,115,121,117,117,118,116,126,127,126,126,125
권창한,,,,,107,107,108,109,116,117,117,118,118,126,127,129,130,131,129,127,127,127,128,128,129,109,109,109,110,110,118,119,119,118,117,118,119,118,118,118,117,117,119,118,118,118,119,117,120,128,128,128,128,129,129,127,128,128,128,129,128,130,128,128,129,127,128,126
명량,,,,,80,80,80,90,89,89,90,91,100,99,99,90,91,92,100,97,97,98,90,97,97,97,98,99,100,100,97,98,98,98,108,106,107,108,108,119,118,118,120,119,119,119,120,118,121,120,119,130,129,117,119,128,129,129,122,130,129,120,129,129,130,128,129,127
몽글쓰돈까쓰,,,,,97,97,97,97,79,78,78,78,80,79,80,148,151,151,91,98,98,99,99,98,98,98,71,71,72,72,70,71,70,90,97,79,81,89,109,109,109,109,110,111,111,110,109,108,111,109,108,108,108,118,120,118,118,118,111,109,110,111,119,118,119,129,130,128
조와혜,,,,,,,,,,,,,,,,,,,,,,,,,,,,,,,100,101,100,100,99,108,110,110,110,110,110,110,111,120,120,120,121,120,123,122,121,119,119,120,121,119,119,119,123,120,131,121,131,131,132,130,132,129
클사남,,,,,193,50,50,50,50,50,50,50,51,50,51,60,61,62,61,60,60,60,61,60,60,61,61,61,62,62,60,61,50,51,50,50,52,50,50,50,50,50,51,61,71,71,70,70,73,72,71,70,70,70,70,70,70,70,72,70,80,71,80,80,71,79,80,130
AIOPT,,,,,92,92,91,91,91,102,103,104,102,101,102,102,103,104,103,112,112,101,102,111,112,112,112,112,113,113,111,112,112,112,122,122,124,133,132,133,132,132,132,133,123,123,123,132,124,134,133,133,132,133,134,132,133,132,135,133,133,134,142,142,143,142,133,131
CUFE,,,,,122,132,131,132,131,132,133,134,143,142,143,143,145,145,145,141,142,141,143,142,142,142,143,114,115,115,112,114,124,124,124,124,133,135,134,135,134,141,134,143,142,142,142,141,145,143,143,143,142,143,143,142,143,142,137,134,134,135,133,133,134,131,134,132
Inetis,,,,,84,85,85,85,93,95,97,97,94,94,95,95,96,98,97,103,102,94,96,103,104,104,104,104,105,105,104,105,106,106,112,112,114,114,114,115,121,121,123,123,124,124,124,123,126,125,125,124,124,125,125,133,124,124,124,125,135,126,134,134,135,132,135,133
Pontoon Docks Intel,,,,,95,94,94,93,94,107,107,109,107,105,105,105,106,108,104,117,103,103,104,116,105,117,117,118,106,118,114,116,114,114,127,126,128,126,125,124,124,123,124,124,125,136,125,136,140,138,136,135,134,135,137,135,135,133,126,135,137,137,136,136,137,134,136,134
RASK,,,,,125,126,126,127,96,96,99,99,97,97,97,97,98,99,106,104,104,104,105,104,106,106,106,106,107,107,107,107,108,108,114,115,116,116,116,117,116,125,118,125,126,126,126,125,128,127,127,127,127,128,128,126,127,127,127,128,127,129,127,127,128,135,127,135
REMORSE,,,,,96,96,96,95,108,109,109,111,109,107,107,107,108,110,107,119,117,117,118,117,117,118,118,119,119,120,127,129,128,129,136,136,138,140,139,139,146,145,145,147,146,146,146,145,149,148,148,148,146,147,148,156,147,154,147,156,158,148,156,156,157,154,155,136
독도는 한국땅,,,,,108,108,119,120,117,118,118,119,128,127,128,130,131,132,130,128,128,128,129,129,130,129,129,129,130,130,138,140,139,140,149,148,120,119,119,127,127,127,127,127,127,127,127,126,129,129,129,129,136,138,130,137,138,136,129,137,139,139,138,138,139,136,138,137
음냐음,,,,,89,100,100,99,99,99,111,101,111,110,111,111,112,113,112,109,109,109,110,109,110,110,110,110,111,111,120,121,121,120,119,119,121,120,130,129,129,129,130,131,130,130,130,129,133,131,140,139,138,131,132,130,131,138,131,139,141,141,140,140,141,138,141,138
이론상 가능합니다.,,,,,183,185,190,198,119,129,129,130,129,128,129,119,120,121,121,129,119,119,120,119,120,120,120,121,121,131,129,131,130,131,138,138,109,121,120,120,119,119,148,149,160,160,160,119,122,132,131,140,139,140,141,139,140,139,132,140,142,132,130,130,131,139,131,139
제가요?,,,,,90,90,90,100,100,100,101,102,101,100,100,100,101,102,101,110,110,110,111,110,111,111,111,111,112,112,109,110,110,110,120,120,122,122,121,130,130,130,131,132,131,131,131,130,134,141,141,141,140,141,142,140,141,140,133,141,143,142,141,141,142,140,142,140
404 Job Not Found,,,,,151,151,161,164,162,161,163,163,162,161,162,172,174,174,174,172,172,171,152,163,162,162,122,122,123,123,121,122,122,122,121,121,123,123,122,132,131,131,122,122,122,122,122,131,135,133,132,132,131,132,133,131,132,131,134,132,132,133,132,132,133,141,143,141
Bunnies,,,,,93,102,103,103,103,103,104,105,103,102,114,114,115,105,115,113,113,112,112,112,113,113,113,113,114,114,122,113,123,123,123,123,125,134,133,134,133,133,133,134,132,132,132,133,136,135,142,142,141,142,135,141,142,141,136,142,144,143,143,143,144,143,144,142
JTC,,,,,173,173,173,177,175,183,175,175,175,183,200,,,,,,,,,,,,,,,,,,,,,,,,,,,,,,,,,,,,,,,,,,,,,144,146,145,145,145,146,144,146,143
Kancho,,,,,102,103,104,104,104,104,105,106,105,114,116,116,117,106,117,114,114,113,114,113,114,114,114,115,116,106,113,115,113,113,113,125,126,124,123,122,122,134,135,135,133,133,133,134,137,136,134,134,133,134,136,134,134,144,138,145,136,136,146,146,147,145,147,144
Stolen Kimchi,,,,,,,,,,,,,,,,,,,108,105,105,105,106,105,107,107,107,107,108,108,116,108,116,115,115,116,117,117,117,126,126,126,126,126,137,137,136,137,141,139,137,136,135,136,138,146,136,134,139,136,138,138,137,137,138,147,137,145
Whynot,,,,,178,179,177,184,178,189,179,179,189,190,191,189,191,190,190,189,188,197,188,199,200,200,199,189,189,200,196,200,196,,,,,,,,,,,,,,,,163,160,169,169,168,168,169,168,168,168,148,147,149,149,148,148,149,148,150,146
nobody,,,,,156,159,158,160,159,158,159,161,160,168,169,168,171,171,171,168,168,167,169,179,177,177,148,148,148,147,155,149,156,159,155,158,160,161,165,165,165,166,169,172,170,170,170,175,173,176,138,137,147,137,139,136,137,135,140,148,150,150,149,149,150,149,151,147
언젠간 이김용,,,,,99,99,99,98,98,98,110,112,110,109,110,110,111,112,111,108,108,108,109,118,119,119,119,120,120,122,119,120,120,119,118,129,131,131,129,128,128,128,129,130,140,140,139,139,132,140,139,138,137,139,140,138,139,137,142,138,140,140,139,139,140,137,139,148
여기서 끝이 아니다,,,,,88,10,10,10,10,10,10,10,10,10,20,20,21,21,20,20,20,20,20,20,20,21,21,,,,,,,21,20,20,21,20,20,20,30,20,31,31,30,30,30,30,33,32,30,30,30,30,30,30,30,30,20,20,20,20,20,20,30,30,140,149
팔달관~야호~✩✩,,,,,110,109,109,110,109,120,121,122,121,120,121,121,122,123,122,120,120,120,121,120,121,121,121,131,122,132,130,132,131,121,130,130,132,132,131,131,140,140,141,142,141,141,140,140,143,142,150,150,149,150,151,149,150,149,153,151,153,152,151,151,152,150,152,150
Diget,,,,,113,113,112,113,111,112,113,114,114,113,115,115,116,116,116,121,122,122,113,122,123,123,124,124,125,124,123,123,125,125,132,131,134,136,135,142,141,142,142,144,143,143,143,142,146,144,144,144,152,154,144,152,153,143,144,143,145,144,144,144,145,151,145,151
GRO-OPT,,,,,,,,,,,,,,,,,,,,,,,,,,,,,,,,,,,,,,137,144,143,142,143,143,145,144,144,144,153,147,156,154,154,153,155,155,153,154,151,156,152,154,153,152,152,153,152,153,152
JW,,,,,117,115,115,116,112,113,124,115,124,122,123,124,125,126,124,122,123,124,124,123,124,124,125,125,126,125,133,124,133,133,133,132,145,146,145,144,143,155,156,156,155,155,154,154,158,157,155,155,154,156,156,154,155,152,157,153,155,154,153,153,154,164,154,153
PequiOpt,,,,,94,93,93,106,106,106,106,108,106,104,104,104,105,107,119,116,116,115,116,115,116,116,116,117,118,117,125,127,127,127,126,134,136,139,137,137,136,136,138,146,145,145,145,144,148,147,147,147,145,146,147,145,146,146,146,154,148,147,155,155,156,153,149,154
Rocket,,,,,166,165,166,169,168,177,178,178,178,176,177,188,190,178,178,188,187,187,177,187,186,186,187,187,187,188,185,186,186,187,195,195,198,199,148,147,147,157,159,159,158,158,158,158,162,159,157,157,156,158,158,166,157,155,160,157,159,158,157,157,158,155,156,155
opt-agent,,,,,138,147,149,151,148,146,148,147,161,158,159,160,161,161,161,160,160,159,160,161,159,159,160,161,162,121,117,118,117,116,129,128,140,142,141,140,138,138,139,140,138,138,148,147,150,149,149,149,148,148,149,147,148,147,149,149,151,151,150,150,151,156,158,156
모민하,,,,,181,183,189,187,190,192,192,192,192,194,195,200,,192,192,,,200,,,,,,,,,199,,200,,,200,,,,,,,,161,159,159,159,170,151,150,158,158,157,159,159,157,158,156,150,158,160,159,158,158,159,157,159,157
미새파,,,,,,,,,,,,,,,,,,,,,,,,,,,,,,,,,,,,,,,,,,,,,200,200,,,,,,,,,160,158,159,157,,,,,200,,,198,,158
심심한데 스케쥴링이나해야겠다~,,,,,150,150,150,152,151,160,150,150,149,159,160,161,162,162,162,161,161,160,161,162,160,160,161,162,163,162,158,161,160,162,172,169,172,173,171,171,171,170,180,181,181,181,180,179,183,180,180,180,179,180,181,180,180,180,182,181,191,191,189,192,192,158,160,159
차돌목살,,,,,160,170,170,174,171,170,120,121,120,119,120,120,121,122,131,130,129,129,130,130,131,130,130,130,131,141,139,141,140,141,139,140,142,143,150,150,150,150,151,152,151,151,151,149,154,151,160,160,159,161,162,160,161,159,152,160,162,161,160,160,161,160,162,160
*23#,,,,,,,,,,,,,,,,,,,,,,,,,,,,,,174,181,173,182,174,183,181,193,195,192,192,,,,,,,,,,,,,191,192,193,192,192,,,,194,194,192,194,194,161,163,161
Boksiri,,,,,141,141,142,144,165,162,167,166,164,162,174,175,177,,,,,,,,,,,,,,,,,,185,193,196,197,194,194,192,152,153,154,153,153,163,162,156,154,153,153,151,152,153,151,152,,,,,,,,,162,164,162
Branch&Bound,,,,,111,111,111,112,122,121,122,123,122,121,122,122,123,124,123,132,121,121,122,121,122,122,123,123,124,134,131,133,132,132,131,142,144,145,143,153,153,153,154,155,154,154,153,152,157,155,163,163,162,153,154,162,163,162,155,163,165,164,162,163,164,163,165,163
Optimelody,,,,,118,116,116,117,113,125,125,125,125,123,124,125,126,127,125,123,124,125,125,124,125,125,136,137,137,136,134,135,134,134,144,144,146,147,155,156,156,156,157,157,156,156,155,155,159,166,165,165,164,164,165,164,165,164,158,167,168,166,164,166,166,174,166,164
RALUB,,,,,105,105,106,107,107,114,115,116,116,116,118,126,127,118,126,124,125,116,117,125,126,126,126,126,127,127,126,128,136,137,135,135,137,149,147,146,145,144,144,158,157,157,157,157,161,158,156,156,155,157,157,155,156,153,159,155,157,157,165,167,167,165,167,165
SmoothSailing,,,,,,,,,,,,,,,,,,,,,,,,,,,,,,,,,,,,,,,,,,,,,,,,,,,,,,,,,,,,,,168,166,168,168,166,168,166
StackOverflow,,,,,120,128,128,129,128,137,138,127,126,124,125,127,128,129,128,137,136,135,127,136,137,138,139,140,140,138,136,136,137,138,147,155,149,159,158,158,158,164,167,170,168,168,168,167,171,170,168,168,167,167,168,167,167,167,161,170,169,169,167,169,169,177,179,167
Team name,,,,,197,198,,,,,,,,,,,,,,,,,,,,,,,,,,,,,,,,,,,,,,,,,,,,,,,,,,,,,,,,,168,170,170,167,169,168
lovelim,,,,,169,119,118,119,129,127,,,,,,,,,,191,190,189,191,191,190,190,191,192,192,139,137,138,138,139,199,197,180,181,179,179,177,187,,,,,196,196,199,198,,,,,,,,,162,171,171,171,,,,,157,169
탐정,,,,,,,,,,,,,,,,,,,,,,,,,,,,,,,,,,,,,,,,,,,,,,,,,,,,191,190,191,192,191,191,190,193,,173,172,171,173,173,169,171,170
Bearcat Forge,,,,,121,121,121,122,121,131,132,133,132,131,132,132,133,134,133,131,131,131,132,131,132,132,132,133,133,133,141,143,142,143,141,151,154,154,152,152,152,151,163,164,162,162,162,161,165,163,162,162,161,162,163,161,162,161,154,162,164,163,173,162,163,171,173,171
Gooday,,,,,116,124,123,124,126,124,123,124,123,132,133,123,124,125,134,133,132,123,123,132,133,133,133,134,134,135,132,134,143,144,142,152,155,155,153,154,154,154,155,165,163,163,164,163,166,164,164,164,163,163,164,163,164,163,166,165,175,165,175,175,175,173,174,172
Hephaestus,,,,,163,142,144,146,144,142,96,96,93,93,94,94,95,97,96,102,94,,,,,134,134,135,135,143,142,144,144,145,151,153,156,156,154,155,155,162,164,166,165,165,165,164,167,165,173,173,172,173,174,173,173,173,167,174,176,175,176,176,176,182,175,173
Prove it,,,,,85,95,95,94,95,108,108,110,108,106,106,106,107,109,105,118,145,144,146,145,145,145,145,145,146,119,115,117,115,128,128,127,130,128,138,138,137,137,158,167,166,166,166,165,168,168,166,166,165,165,166,165,166,165,168,168,177,176,177,177,177,175,176,174
SMETYSON,,,,,135,127,127,128,127,126,126,126,136,136,137,136,137,128,137,136,135,134,135,135,136,137,138,139,139,137,145,147,147,147,146,146,148,157,156,157,157,158,165,168,167,167,167,166,169,169,167,167,166,166,167,175,175,166,169,169,178,167,178,178,178,176,177,175
ST_OGC,,,,,,,,,,,,,,,146,158,148,148,,,,,,,146,146,146,188,188,189,195,187,187,148,152,154,157,158,157,163,163,163,166,169,175,176,175,174,170,175,176,176,175,176,177,176,176,175,170,176,179,177,179,179,179,184,178,176
mg,,,,,86,88,135,137,137,138,139,139,137,137,138,138,139,139,139,145,147,146,137,147,138,139,140,147,141,146,147,148,155,158,154,157,159,160,159,159,159,165,168,171,169,169,169,168,172,171,170,170,169,169,170,169,169,169,171,172,172,178,170,172,172,178,180,177
overfit_alone,,,,,126,129,129,130,130,128,128,129,138,138,139,128,129,130,140,138,138,137,138,138,139,140,141,141,142,140,148,139,149,150,148,147,150,150,160,160,160,159,160,160,171,171,171,169,174,172,171,171,170,170,171,170,170,170,172,177,180,179,180,180,180,179,181,178
수동눈깜빡임,,,,,140,138,138,140,150,148,142,149,148,149,150,150,153,153,152,150,150,149,150,151,150,150,151,151,151,151,157,160,159,161,160,168,171,172,170,170,170,178,179,180,180,180,179,178,182,179,179,179,178,179,180,179,179,179,181,180,182,181,188,182,182,189,191,179
연희동호랑이,,,,,182,184,180,188,191,193,182,182,193,195,196,191,193,193,193,192,191,190,192,192,,,,193,193,,200,,,,,190,192,194,191,191,181,180,181,182,191,191,191,190,194,192,192,190,189,190,191,190,190,188,192,191,183,182,181,183,183,180,182,180
Aspirin,,,,,,,,,,,,,,,,,,,,,,,,,,,,,,,,,,,,,153,164,162,162,162,161,162,163,172,173,172,171,176,173,172,172,171,172,173,172,172,171,164,173,174,173,172,174,174,181,183,181
IISL,,,,,133,143,145,134,145,143,144,144,144,143,144,144,146,146,147,142,143,142,144,143,143,143,144,143,144,157,152,155,152,155,164,161,163,165,163,174,173,172,173,173,173,174,174,173,177,174,174,174,173,174,175,174,174,174,175,175,185,184,182,185,185,183,184,182
Yang Group,,,,,,,147,149,146,145,146,146,158,156,157,167,170,170,170,167,167,166,168,169,168,168,,200,200,,,,197,,196,,,,,186,188,196,188,196,194,194,194,194,197,196,196,195,195,197,197,197,196,196,198,,170,170,169,171,171,168,170,183
qwer,,,,,87,89,89,96,97,97,100,100,99,108,108,108,109,101,109,106,106,106,107,107,109,108,108,108,109,109,108,109,118,117,116,117,118,129,127,107,107,107,109,110,109,108,118,116,119,119,118,117,117,116,118,117,117,117,177,188,187,187,183,188,188,185,185,184
win,,,,,127,137,136,138,138,139,140,140,139,147,148,147,150,150,150,146,148,147,148,148,148,148,149,149,149,148,156,159,157,160,156,165,168,169,166,166,166,167,176,176,176,177,176,176,179,177,177,177,176,177,178,177,177,176,173,178,181,180,184,181,181,186,186,185
거북이는빠르다,,,,,170,167,179,172,180,179,181,181,180,179,180,180,182,182,182,180,180,179,181,181,179,179,181,182,182,183,189,191,190,192,192,199,,,200,,200,199,200,200,196,196,,,200,,,187,186,186,188,187,188,177,178,189,188,188,185,189,189,197,187,186
노랑피크민,,,,,,,,,,,,,,,,,,,,,,,,,,,,,,,,,,,171,166,169,170,181,181,179,176,177,178,178,178,177,189,180,191,190,188,187,188,,,,,191,200,,,199,,,187,188,187
미니언즈랩스(Minions Labs),,,,,128,130,130,131,139,140,141,142,141,140,141,140,141,141,142,148,140,139,140,139,149,149,150,150,150,150,150,151,158,152,158,160,162,163,168,168,168,169,171,179,179,179,178,177,181,178,178,178,177,178,179,178,178,178,179,179,189,189,186,190,190,188,189,188
센스있게 지어봐,,,,,139,149,137,139,149,147,149,148,147,148,149,149,152,152,151,149,149,148,149,150,170,170,171,172,172,172,169,171,151,153,150,149,151,151,161,161,161,,,,,,,,,,,,,,,,,,180,190,190,190,187,191,191,200,190,189
지예아,,,,,109,120,120,121,120,130,130,131,130,129,130,171,163,163,163,171,171,170,172,172,171,171,172,173,173,173,170,172,171,173,182,139,141,152,149,149,149,149,150,151,150,150,150,159,153,161,159,159,158,160,161,159,160,158,151,159,161,160,159,159,160,159,161,190
AO,,,,,,,,,,,,,,,,,,,,,,,,,,,,,,,,,,,,,,,,,,,172,183,182,172,182,181,175,183,182,182,181,182,183,182,182,181,174,183,184,183,193,184,184,191,193,191
Abel1011,,,,,131,131,141,143,142,141,143,143,142,141,142,142,144,144,144,152,152,151,142,153,152,152,153,153,154,153,151,153,162,154,162,171,173,174,172,172,172,171,182,184,183,182,183,182,185,184,183,183,182,183,184,183,183,182,184,184,195,195,194,195,195,192,194,192
HOLYMOLY,,,,,155,156,154,157,155,165,156,157,167,167,167,164,167,167,167,163,164,163,165,166,164,164,165,167,167,166,164,166,166,166,175,173,175,176,174,183,184,183,184,186,185,184,185,183,187,185,185,193,193,194,195,194,184,192,185,193,196,196,195,196,196,193,195,193
OpenMind,,,,,147,145,146,148,157,155,158,159,157,155,168,165,159,159,159,157,158,157,158,159,166,166,167,159,160,169,167,169,169,170,167,176,177,178,176,176,187,185,186,188,187,186,193,193,189,195,195,194,194,196,196,196,195,195,197,195,197,198,,198,198,,196,194
Orion,,,,,,,,,,,,,,,,,,,,,,,,,176,185,178,178,178,179,177,179,177,171,178,177,178,179,186,198,196,,174,174,188,187,187,185,178,187,175,175,174,175,176,184,185,183,176,185,198,185,196,186,186,194,197,195
PETOPIA AI,,,,,134,135,133,135,134,144,145,145,145,145,145,145,147,147,148,158,144,143,145,144,144,144,159,144,145,159,153,157,153,156,168,163,165,166,177,177,175,174,175,175,174,175,188,186,190,188,187,185,184,184,186,185,186,184,186,186,186,186,197,187,187,195,198,196
SPS LAB,,,,,,,,,,,,,,,,,,,,,,,,,,,,,,,,,,,,,,,,,,,,,,,,,,,,,,,,,,185,187,196,199,199,,199,199,,199,197
Soeun,,,,,136,136,134,136,136,136,137,138,146,146,147,146,149,149,149,143,146,145,147,146,147,147,147,146,147,160,154,158,154,157,169,164,166,167,178,178,176,175,187,189,189,188,189,187,191,189,188,186,185,185,187,186,187,186,188,197,200,200,198,200,200,196,200,198
미아맨,,,,,159,160,169,163,170,169,162,172,171,170,171,170,173,173,173,170,170,169,171,171,181,181,170,171,171,171,180,182,181,183,181,180,182,183,190,190,191,190,190,191,,,,200,,,,,200,,,,,200,,,,,,,,,,199
뱃고동뿌이뿌이,,,,,98,98,98,80,90,90,91,92,91,90,91,91,92,93,92,99,99,90,91,90,99,99,99,100,101,101,98,99,109,109,109,107,108,109,99,99,99,99,100,100,99,111,110,109,112,110,109,109,109,149,150,148,149,148,141,150,152,,,,,199,,200
Optimal_1126,,,,,103,104,105,105,105,105,114,107,115,115,117,117,118,117,118,115,115,114,115,114,115,115,115,116,117,116,124,125,126,126,125,133,135,138,136,136,135,135,137,137,135,135,135,143,139,146,146,146,144,145,146,144,145,145,145,146,147,146,147,147,148,146,148,
학부연구생나부랭이,,,,,100,110,110,111,110,110,131,132,131,130,131,131,132,133,132,140,130,130,131,141,141,131,131,132,132,142,140,142,141,142,140,150,152,153,151,151,151,160,161,162,161,161,161,160,164,162,161,161,160,171,172,171,171,160,163,161,163,162,161,161,162,170,172,
전국베짱이협회,,,,,,,,,,,,,,,,,,,,,,,,,,,,,,,,,,,,,,,,,,148,149,150,149,149,149,148,152,182,181,181,180,181,182,181,181,189,183,192,193,193,191,193,193,190,192,
FAST,,,,,,,,,,63,63,62,63,62,63,62,63,55,63,62,176,175,176,177,175,176,,,,,,,,,,,,,,,,,,,,,,,,,,,,104,104,103,113,113,105,72,72,73,72,72,73,73,,
GrandOptima,,,,,62,62,74,73,62,64,64,63,64,63,64,73,64,64,64,73,72,72,65,73,64,64,65,65,76,76,75,75,75,75,74,73,75,83,83,83,85,113,114,114,114,114,83,84,85,86,85,83,84,84,84,84,84,84,86,95,94,94,94,94,94,,,
OTTO,,,,,,,,,,,,,,,,,,,,,,,,,,,,,,,,,,,,,,,,,,,,,,,,,,,,,,,,,,,,,156,156,154,154,155,,,
OR_3Bros,,,,,,,,,,,,,,154,156,157,158,158,158,156,157,156,157,158,158,158,158,158,159,158,166,156,168,168,166,162,164,177,175,175,174,173,185,187,186,185,186,184,188,186,186,184,183,195,185,195,194,193,195,194,,197,,197,197,,,
아주 동국이 만만하지?,,,,,129,139,139,141,140,149,151,151,150,150,151,141,142,142,143,139,141,140,141,140,161,161,162,163,152,163,159,162,161,163,161,170,,,,,180,179,191,192,190,190,181,180,184,181,191,189,188,189,190,189,,,,182,192,192,190,,,,,
CrunchySlime,,,,,153,155,164,156,166,163,168,167,165,165,166,176,166,166,166,175,174,173,164,175,173,174,175,166,166,176,174,176,173,177,186,184,185,186,183,196,194,193,193,93,93,93,92,91,94,93,92,91,91,91,91,91,91,91,93,92,,,,,,,,
고양이새우,,,,,180,182,188,186,189,191,191,191,191,193,194,199,,,,,200,199,,,,,,,,,,,,,170,179,181,182,180,180,178,188,189,190,197,189,197,197,193,199,189,198,197,199,200,199,199,198,200,198,,,,,,,,
나혼자만레벨업,,,,,157,168,168,173,181,180,172,171,181,180,181,181,183,183,183,181,181,180,182,182,191,191,192,183,183,193,190,192,191,193,,188,190,192,188,188,,189,,,198,198,199,199,,,200,200,199,187,189,188,189,187,190,199,,,,,,,,
CHIVAS,,,,,142,152,151,153,152,151,153,154,153,163,164,153,155,155,155,154,154,153,154,155,155,155,156,155,156,155,162,163,164,164,163,172,174,175,173,173,182,181,183,185,184,183,184,191,186,193,184,192,192,193,194,193,193,191,194,,,,,,,,,
Oooy,,,,,190,193,197,195,199,,199,200,,,,,168,168,168,165,165,164,166,167,165,165,166,168,168,168,176,168,176,169,177,175,176,189,185,185,186,184,196,195,193,193,192,192,196,194,194,,,,,,,194,196,,,,,,,,,
optoptAI,,,,,,,,,,,,,,,,,,,,,,,,,,,,,,,,,,,,,,,,,,,,,,,190,188,192,190,198,197,196,198,199,198,198,197,199,,,,,,,,,
김지동,,,,,149,148,159,161,160,159,160,141,140,139,140,139,140,140,141,147,139,138,139,149,140,141,142,142,143,149,149,150,150,151,157,159,161,162,167,167,167,168,170,177,177,197,198,198,,200,199,199,198,200,,200,200,199,,,,,,,,,,
amuse5516,,,,,200,,198,,200,,,,,,,,,,,,,,189,189,188,188,189,190,190,191,197,,198,189,197,,188,190,187,187,189,186,197,197,195,195,195,195,198,197,197,196,,,198,,197,,,,,,,,,,,
AgainAgain,,,,,,,,,,,,153,152,151,152,152,154,154,154,153,153,152,153,154,153,153,154,154,155,154,161,154,163,,,,,,,,,,152,153,152,152,152,151,155,153,152,152,,,,,,,,,,,,,,,,
LJM,,,,,175,175,184,179,184,185,186,186,185,185,186,194,196,198,198,197,195,193,197,195,195,195,195,196,196,196,,178,175,179,176,186,187,188,184,184,185,195,195,194,192,192,,,195,,193,,,,,,,,,,,,,,,,,
jiaojing,28,28,28,29,27,28,27,28,29,28,28,38,39,37,38,48,38,48,40,40,40,39,48,47,47,48,48,48,41,41,47,48,47,47,47,47,50,47,47,47,47,47,48,49,60,61,59,58,62,61,,,,,,,,,,,,,,,,,,
Hacksagon,,,,,132,133,132,133,132,133,134,135,133,133,134,133,134,135,146,,,,,,,,,,,,,,,,,,,,,,,,,,164,164,173,172,,,,,,,,,,,,,,,,,,,,
무적야호,,,,,158,169,160,162,161,168,161,162,170,169,170,169,172,172,172,169,169,168,170,170,180,180,182,170,170,170,179,181,180,182,180,189,191,193,189,189,190,200,,,199,199,200,,,,,,,,,,,,,,,,,,,,,
Big-3,,,,,152,161,162,165,164,172,165,165,163,172,172,173,175,175,175,174,173,172,173,173,182,173,174,174,174,175,172,175,183,184,184,191,194,196,193,193,,191,,193,,,,,,,,,,,,,,,,,,,,,,,,
cheeseburger,,,,,,,,,,,,,,,,,180,180,180,178,178,177,179,178,189,189,179,180,180,180,187,189,178,180,190,187,189,191,198,200,198,197,198,198,,,,,,,,,,,,,,,,,,,,,,,,
sungsigyung,,,,,,,,,,167,171,170,169,178,179,179,181,181,181,179,179,178,180,180,178,178,180,181,181,182,178,180,179,181,191,198,200,,199,,199,198,199,199,,,,,,,,,,,,,,,,,,,,,,,,
Cristiano Ronaldo,,,,,144,154,153,155,154,152,154,155,154,164,165,163,165,165,165,162,163,162,163,165,163,163,163,165,165,165,173,164,165,165,174,183,184,185,182,182,183,182,192,,,,,,,,,,,,,,,,,,,,,,,,,
DanG,,,,,154,163,165,167,167,164,169,168,166,166,175,177,178,177,177,176,175,174,175,176,174,175,176,176,176,177,175,177,174,178,187,185,186,187,196,197,195,194,194,,,,,,,,,,,,,,,,,,,,,,,,,
ToniTeam,,,,,167,166,167,170,169,166,170,169,168,177,178,178,179,179,179,177,177,176,178,188,187,187,188,179,179,190,186,188,188,188,189,196,199,200,197,199,197,,,,,,,,,,,,,,,,,,,,,,,,,,,
apex,,,,,137,146,148,150,147,156,147,160,159,157,158,159,160,160,160,159,159,158,159,160,169,169,169,160,161,161,168,170,170,172,179,178,179,180,,,,,,,,,,,,,,,,,,,,,,,,,,,,,,
MARU,,,,,164,164,174,168,176,175,176,176,176,175,176,185,187,187,187,186,185,185,186,185,185,184,177,177,177,178,184,185,185,186,188,194,197,198,,,,,,,,,,,,,,,,,,,,,,,,,,,,,,
Black dragon,,,,,162,162,163,166,174,174,166,174,174,174,173,174,176,176,176,184,184,183,174,174,184,183,184,175,175,185,183,184,184,185,193,192,195,,,,,,,,,,,,,,,,,,,,,,,,,,,,,,,
Lemon,,,,,145,157,155,158,156,154,157,158,156,153,154,155,157,157,157,164,156,155,156,157,157,157,157,157,158,167,165,167,167,167,165,174,,,,,,,,,,,,,,,,,,,,,,,,,,,,,,,,
OptIntern,,,,,165,177,175,181,177,176,177,177,177,187,188,186,188,188,188,187,186,186,187,186,197,197,186,186,186,187,193,197,195,198,194,,,,,,,,,,,,,,,,,,,,,,,,,,,,,,,,,
bigtree,,,,,168,180,178,171,179,178,180,180,179,191,192,190,192,191,191,190,189,188,190,190,,,190,191,191,192,198,,199,190,198,,,,,,,,,,,,,,,,,,,,,,,,,,,,,,,,,
oTEAMization,,,,,,,,,,,,,,,,,,,,,,,,,,,,,,181,188,190,189,191,200,,,,,,,,,,,,,,,,,,,,,,,,,,,,,,,,,
Anony,,,,,,,,,172,181,173,183,182,181,182,182,184,184,184,182,182,181,183,193,192,192,193,194,194,194,191,193,192,194,,,,,,,,,,,,,,,,,,,,,,,,,,,,,,,,,,
KYM,,,,,174,174,183,178,183,184,185,185,184,184,185,193,195,197,197,196,194,192,196,194,194,194,194,195,195,195,,195,,196,,,,,,,,,,,,,,,,,,,,,,,,,,,,,,,,,,
Optimus,,,,,,,176,182,186,187,188,188,187,188,189,187,189,189,189,200,197,195,,197,198,198,197,198,198,198,194,198,,199,,,,,,,,,,,,,,,,,,,,,,,,,,,,,,,,,,
PDS1,,,,,177,178,186,183,187,188,189,189,188,189,190,197,199,,,,198,196,,198,199,199,198,199,199,199,,199,,200,,,,,,,,,,,,,,,,,,,,,,,,,,,,,,,,,,
Blockbuster,,,,,185,188,182,190,193,195,183,194,195,197,197,192,194,194,194,193,192,191,193,,,,,,,,,,,,,,,,,,,,,,,,,,,,,,,,,,,,,,,,,,,,,
First Time,,,,,186,189,193,191,195,197,195,196,197,198,198,,,195,195,194,,,194,,,,,,,,,,,,,,,,,,,,,,,,,,,,,,,,,,,,,,,,,,,,,
HKUSTGZ-INTR,,,,,187,190,194,192,196,198,196,197,198,199,199,,,196,196,195,,,195,,,,,,,,,,,,,,,,,,,,,,,,,,,,,,,,,,,,,,,,,,,,,
Mobile,,,,,188,191,195,193,197,199,197,198,199,200,,196,198,200,200,,,,199,,,,,,,,,,,,,,,,,,,,,,,,,,,,,,,,,,,,,,,,,,,,,
MyGo,,,,,189,192,196,194,198,200,198,199,200,,,,,,,199,,,200,,,,,,,,,,,,,,,,,,,,,,,,,,,,,,,,,,,,,,,,,,,,,
Apple Pie,,,,,194,186,191,199,192,194,193,193,194,196,,,,,,,,,,,,,,,,,,,,,,,,,,,,,,,,,,,,,,,,,,,,,,,,,,,,,,
Chioh Lee,,,,,195,196,192,200,194,196,194,195,196,,,,,,,,,,,,,,,,,,,,,,,,,,,,,,,,,,,,,,,,,,,,,,,,,,,,,,,
YoungCSD,,,,,199,200,,,,,200,,,,,,,,,,,,,,,,,,,,,,,,,,,,,,,,,,,,,,,,,,,,,,,,,,,,,,,,,
MANGO,,,,,146,144,156,147,,,,,,,,,,,,,,,,,,,,,,,,,,,,,,,,,,,,,,,,,,,,,,,,,,,,,,,,,,,,
IG,,,,,196,197,,,,,,,,,,,,,,,,,,,,,,,,,,,,,,,,,,,,,,,,,,,,,,,,,,,,,,,,,,,,,,
